hole_id,depth_m,x,y,z,azimuth_deg,dip_deg
CR-C01-001,0.0,242792.058179042,8196745.779614356,3312.0,145.000000001,-84.0
CR-C01-001,50.0,242795.05593221486,8196741.498379137,3262.2739052315865,145.000000001,-84.0
CR-C01-001,100.0,242798.0536853877,8196737.217143918,3212.547810463173,145.000000001,-84.0
CR-C01-001,150.0,242801.05143856056,8196732.935908699,3162.8217156947594,145.000000001,-84.0
CR-C01-001,200.0,242804.04919173341,8196728.65467348,3113.095620926346,145.000000001,-84.0
CR-C01-001,230.0,242805.8478436371,8196726.085932349,3083.2599640652975,145.000000001,-84.0
CR-C01-002,0.0,242883.830408858,8196614.71528727,3372.0,145.0,-84.0
CR-C01-002,50.0,242886.8281620309,8196610.434052051,3322.2739052315865,145.0,-84.0
CR-C01-002,100.0,242889.8259152038,8196606.152816832,3272.547810463173,145.0,-84.0
CR-C01-002,150.0,242892.82366837672,8196601.871581613,3222.8217156947594,145.0,-84.0
CR-C01-002,200.0,242895.82142154963,8196597.590346394,3173.095620926346,145.0,-84.0
CR-C01-002,250.0,242898.81917472254,8196593.309111175,3123.3695261579323,145.0,-84.0
CR-C01-002,280.783860772,242900.6648230486,8196590.673252197,3092.75430259621,145.0,-84.0
CR-C01-003,0.0,242975.602638674,8196483.650960184,3502.0,325.000000001,-84.0
CR-C01-003,50.0,242972.60488550115,8196487.932195403,3452.2739052315865,325.000000001,-84.0
CR-C01-003,100.0,242969.6071323283,8196492.213430622,3402.547810463173,325.000000001,-84.0
CR-C01-003,150.0,242966.60937915544,8196496.494665841,3352.8217156947594,325.000000001,-84.0
CR-C01-003,200.0,242963.6116259826,8196500.77590106,3303.095620926346,325.000000001,-84.0
CR-C01-003,250.0,242960.61387280974,8196505.057136279,3253.3695261579323,325.000000001,-84.0
CR-C01-003,300.0,242957.6161196369,8196509.338371498,3203.643431389519,325.000000001,-84.0
CR-C01-003,350.0,242954.61836646404,8196513.619606717,3153.9173366211053,325.000000001,-84.0
CR-C01-003,400.0,242951.6206132912,8196517.900841936,3104.1912418526917,325.000000001,-84.0
CR-C01-003,411.744162582,242950.91649127833,8196518.906432385,3092.511415022128,325.000000001,-84.0
CR-C01-004,0.0,242628.227770184,8196631.064327086,3314.0,145.000000001,-84.0
CR-C01-004,50.0,242631.22552335684,8196626.783091867,3264.2739052315865,145.000000001,-84.0
CR-C01-004,100.0,242634.2232765297,8196622.501856648,3214.547810463173,145.000000001,-84.0
CR-C01-004,150.0,242637.22102970254,8196618.220621429,3164.8217156947594,145.000000001,-84.0
CR-C01-004,200.0,242640.2187828754,8196613.93938621,3115.095620926346,145.000000001,-84.0
CR-C01-004,230.0,242642.0174347791,8196611.370645079,3085.2599640652975,145.000000001,-84.0
CR-C01-005,0.0,242720.0,8196500.0,3370.0,145.0,-84.0
CR-C01-005,50.0,242722.9977531729,8196495.718764781,3320.2739052315865,145.0,-84.0
CR-C01-005,100.0,242725.99550634582,8196491.437529562,3270.547810463173,145.0,-84.0
CR-C01-005,150.0,242728.99325951873,8196487.156294343,3220.8217156947594,145.0,-84.0
CR-C01-005,200.0,242731.99101269164,8196482.875059124,3171.095620926346,145.0,-84.0
CR-C01-005,250.0,242734.98876586455,8196478.593823905,3121.3695261579323,145.0,-84.0
CR-C01-005,278.794816981,242736.71516094392,8196476.128276214,3092.7324501972057,145.0,-84.0
CR-C01-006,0.0,242811.772229816,8196368.935672914,3446.0,325.000000001,-84.0
CR-C01-006,50.0,242808.77447664316,8196373.216908133,3396.2739052315865,325.000000001,-84.0
CR-C01-006,100.0,242805.7767234703,8196377.498143352,3346.547810463173,325.000000001,-84.0
CR-C01-006,150.0,242802.77897029746,8196381.779378571,3296.8217156947594,325.000000001,-84.0
CR-C01-006,200.0,242799.7812171246,8196386.06061379,3247.095620926346,325.000000001,-84.0
CR-C01-006,250.0,242796.78346395175,8196390.341849009,3197.3695261579323,325.000000001,-84.0
CR-C01-006,300.0,242793.7857107789,8196394.623084228,3147.643431389519,325.000000001,-84.0
CR-C01-006,350.0,242790.78795760605,8196398.9043194465,3097.9173366211053,325.000000001,-84.0
CR-C01-006,356.050936441,242790.42517332776,8196399.42242909,3091.899547843049,325.000000001,-84.0
CR-C01-007,0.0,242464.397361326,8196516.349039816,3288.0,145.000000001,-83.386539518
CR-C01-007,50.0,242467.7003161509,8196511.631931467,3238.3327131983083,145.000000001,-83.386539518
CR-C01-007,100.0,242471.0032709758,8196506.914823118,3188.6654263966166,145.000000001,-83.386539518
CR-C01-007,150.0,242474.3062258007,8196502.197714768,3138.998139594925,145.000000001,-83.386539518
CR-C01-007,200.0,242477.60918062562,8196497.480606419,3089.330852793233,145.000000001,-83.386539518
CR-C01-007,230.0,242479.59095352056,8196494.650341409,3059.5304807122184,145.000000001,-83.386539518
CR-C01-008,0.0,242556.169591142,8196385.28471273,3338.0,145.0,-84.0
CR-C01-008,50.0,242559.16734431492,8196381.003477511,3288.2739052315865,145.0,-84.0
CR-C01-008,100.0,242562.16509748783,8196376.722242292,3238.547810463173,145.0,-84.0
CR-C01-008,150.0,242565.16285066074,8196372.441007073,3188.8217156947594,145.0,-84.0
CR-C01-008,200.0,242568.16060383365,8196368.159771854,3139.095620926346,145.0,-84.0
CR-C01-008,246.970116329,242570.9767001388,8196364.137969529,3092.3828118091606,145.0,-84.0
CR-C01-009,0.0,242647.941820958,8196254.220385644,3404.0,325.000000001,-84.0
CR-C01-009,50.0,242644.94406778514,8196258.501620863,3354.2739052315865,325.000000001,-84.0
CR-C01-009,100.0,242641.9463146123,8196262.782856082,3304.547810463173,325.000000001,-84.0
CR-C01-009,150.0,242638.94856143944,8196267.064091301,3254.8217156947594,325.000000001,-84.0
CR-C01-009,200.0,242635.95080826659,8196271.34532652,3205.095620926346,325.000000001,-84.0
CR-C01-009,250.0,242632.95305509373,8196275.626561739,3155.3695261579323,325.000000001,-84.0
CR-C01-009,300.0,242629.95530192088,8196279.9077969575,3105.643431389519,325.000000001,-84.0
CR-C01-009,314.281016836,242629.09908265027,8196281.130604803,3091.4406474579937,325.000000001,-84.0
CR-C02-001,0.0,242815.8254887,8196676.967442529,3334.0,145.0,-78.929797422
CR-C02-001,50.0,242821.33215534646,8196669.103107534,3284.930367257009,145.0,-78.929797422
CR-C02-001,100.0,242826.83882199292,8196661.238772539,3235.860734514018,145.0,-78.929797422
CR-C02-001,150.0,242832.34548863937,8196653.3744375445,3186.791101771027,145.0,-78.929797422
CR-C02-001,200.0,242837.85215528583,8196645.51010255,3137.721469028036,145.0,-78.929797422
CR-C02-001,242.488666324,242842.5315737198,8196638.827200441,3096.023403982873,145.0,-78.929797422
CR-C02-002,0.0,242867.447367972,8196603.243758543,3380.0,325.0,-85.0
CR-C02-002,50.0,242864.94784395536,8196606.813448786,3330.1902650954125,325.0,-85.0
CR-C02-002,100.0,242862.44831993873,8196610.383139028,3280.380530190825,325.0,-85.0
CR-C02-002,150.0,242859.9487959221,8196613.952829271,3230.5707952862376,325.0,-85.0
CR-C02-002,200.0,242857.44927190547,8196617.522519513,3180.76106038165,325.0,-85.0
CR-C02-002,250.0,242854.94974788884,8196621.092209755,3130.9513254770627,325.0,-85.0
CR-C02-002,284.124780561,242853.24383371734,8196623.528507679,3096.9564000086502,325.0,-85.0
CR-C02-003,0.0,242919.069247244,8196529.520074558,3476.0,325.0,-83.698391265
CR-C02-003,50.0,242915.92139611705,8196534.015671871,3426.302106301308,325.0,-83.698391265
CR-C02-003,100.0,242912.77354499008,8196538.511269183,3376.604212602616,325.0,-83.698391265
CR-C02-003,150.0,242909.6256938631,8196543.006866495,3326.906318903924,325.0,-83.698391265
CR-C02-003,200.0,242906.47784273615,8196547.502463807,3277.208425205232,325.0,-83.698391265
CR-C02-003,250.0,242903.32999160918,8196551.99806112,3227.51053150654,325.0,-83.698391265
CR-C02-003,300.0,242900.1821404822,8196556.493658432,3177.8126378078478,325.0,-83.698391265
CR-C02-003,350.0,242897.03428935524,8196560.989255744,3128.1147441091557,325.0,-83.698391265
CR-C02-003,382.981706807,242894.9578592964,8196563.954705194,3095.3323169312416,325.0,-83.698391265
CR-C02-004,0.0,242970.691126515,8196455.796390572,3524.0,325.0,-79.103109245
CR-C02-004,50.0,242965.2696202304,8196463.539103965,3474.9015513594877,325.0,-79.103109245
CR-C02-004,100.0,242959.84811394577,8196471.281817359,3425.8031027189754,325.0,-79.103109245
CR-C02-004,150.0,242954.42660766115,8196479.024530753,3376.704654078463,325.0,-79.103109245
CR-C02-004,200.0,242949.00510137653,8196486.767244146,3327.606205437951,325.0,-79.103109245
CR-C02-004,250.0,242943.5835950919,8196494.50995754,3278.5077567974386,325.0,-79.103109245
CR-C02-004,300.0,242938.1620888073,8196502.2526709335,3229.4093081569263,325.0,-79.103109245
CR-C02-004,350.0,242932.74058252267,8196509.995384327,3180.310859516414,325.0,-79.103109245
CR-C02-004,400.0,242927.31907623805,8196517.738097721,3131.2124108759017,325.0,-79.103109245
CR-C02-004,435.867431005,242923.4299661859,8196523.292322489,3095.9917064945794,325.0,-79.103109245
CR-C02-005,0.0,242717.527243386,8196608.138270167,3338.0,145.0,-79.159694546
CR-C02-005,50.0,242722.92093452858,8196600.435280913,3288.8922404053383,145.0,-79.159694546
CR-C02-005,100.0,242728.31462567116,8196592.732291658,3239.7844808106765,145.0,-79.159694546
CR-C02-005,150.0,242733.70831681375,8196585.029302404,3190.676721216015,145.0,-79.159694546
CR-C02-005,200.0,242739.10200795633,8196577.32631315,3141.568961621353,145.0,-79.159694546
CR-C02-005,246.415777824,242744.10905535085,8196570.175508394,3095.9814644457488,145.0,-79.159694546
CR-C02-006,0.0,242769.149122657,8196534.414586181,3380.0,325.0,-85.0
CR-C02-006,50.0,242766.64959864036,8196537.984276423,3330.1902650954125,325.0,-85.0
CR-C02-006,100.0,242764.15007462373,8196541.553966666,3280.380530190825,325.0,-85.0
CR-C02-006,150.0,242761.6505506071,8196545.123656908,3230.5707952862376,325.0,-85.0
CR-C02-006,200.0,242759.15102659047,8196548.69334715,3180.76106038165,325.0,-85.0
CR-C02-006,250.0,242756.65150257383,8196552.263037393,3130.9513254770627,325.0,-85.0
CR-C02-006,284.124780561,242754.94558840233,8196554.699335316,3096.9564000086502,325.0,-85.0
CR-C02-007,0.0,242820.771001929,8196460.690902195,3430.0,325.0,-82.67359334
CR-C02-007,50.0,242817.11382859695,8196465.913887,3380.40821123461,325.0,-82.67359334
CR-C02-007,100.0,242813.4566552649,8196471.1368718045,3330.81642246922,325.0,-82.67359334
CR-C02-007,150.0,242809.79948193283,8196476.359856609,3281.22463370383,325.0,-82.67359334
CR-C02-007,200.0,242806.14230860077,8196481.582841414,3231.63284493844,325.0,-82.67359334
CR-C02-007,250.0,242802.4851352687,8196486.805826219,3182.04105617305,325.0,-82.67359334
CR-C02-007,300.0,242798.82796193665,8196492.028811024,3132.44926740766,325.0,-82.67359334
CR-C02-007,337.304799817,242796.09935955566,8196495.925659075,3095.4490323584632,325.0,-82.67359334
CR-C02-008,0.0,242872.392881201,8196386.967218209,3518.0,325.0,-78.929797422
CR-C02-008,50.0,242866.88621455454,8196394.831553204,3468.930367257009,325.0,-78.929797422
CR-C02-008,100.0,242861.3795479081,8196402.695888199,3419.860734514018,325.0,-78.929797422
CR-C02-008,150.0,242855.87288126163,8196410.560223194,3370.791101771027,325.0,-78.929797422
CR-C02-008,200.0,242850.36621461518,8196418.424558189,3321.721469028036,325.0,-78.929797422
CR-C02-008,250.0,242844.85954796872,8196426.288893184,3272.651836285045,325.0,-78.929797422
CR-C02-008,300.0,242839.35288132227,8196434.153228179,3223.5822035420542,325.0,-78.929797422
CR-C02-008,350.0,242833.8462146758,8196442.017563174,3174.5125707990633,325.0,-78.929797422
CR-C02-008,400.0,242828.33954802935,8196449.8818981685,3125.4429380560723,325.0,-78.929797422
CR-C02-008,429.977332648,242825.0380444725,8196454.596933892,3096.0234039830357,325.0,-78.929797422
CR-C02-009,0.0,242619.228998071,8196539.309097805,3324.0,145.0,-78.310630825
CR-C02-009,50.0,242625.03948808816,8196531.010858069,3275.0369790245672,145.0,-78.310630825
CR-C02-009,100.0,242630.84997810534,8196522.712618333,3226.0739580491345,145.0,-78.310630825
CR-C02-009,150.0,242636.6604681225,8196514.414378597,3177.1109370737017,145.0,-78.310630825
CR-C02-009,200.0,242642.4709581397,8196506.1161388615,3128.147916098269,145.0,-78.310630825
CR-C02-009,232.68511474,242646.26928879783,8196500.691560503,3096.140676926288,145.0,-78.310630825
CR-C02-010,0.0,242670.850877343,8196465.585413819,3360.0,325.0,-85.0
CR-C02-010,50.0,242668.35135332638,8196469.155104062,3310.1902650954125,325.0,-85.0
CR-C02-010,100.0,242665.85182930974,8196472.724794304,3260.380530190825,325.0,-85.0
CR-C02-010,150.0,242663.3523052931,8196476.294484546,3210.5707952862376,325.0,-85.0
CR-C02-010,200.0,242660.85278127648,8196479.864174789,3160.76106038165,325.0,-85.0
CR-C02-010,250.0,242658.35325725985,8196483.433865031,3110.9513254770627,325.0,-85.0
CR-C02-010,264.200886599,242657.64334811762,8196484.447720357,3096.8044775389367,325.0,-85.0
CR-C02-011,0.0,242722.472756614,8196391.861729833,3388.0,325.0,-81.398615141
CR-C02-011,50.0,242718.1835737619,8196397.987317774,3338.562361678164,325.0,-81.398615141
CR-C02-011,100.0,242713.8943909098,8196404.112905716,3289.124723356328,325.0,-81.398615141
CR-C02-011,150.0,242709.60520805768,8196410.238493657,3239.687085034492,325.0,-81.398615141
CR-C02-011,200.0,242705.31602520557,8196416.364081598,3190.249446712656,325.0,-81.398615141
CR-C02-011,250.0,242701.02684235346,8196422.489669539,3140.8118083908203,325.0,-81.398615141
CR-C02-011,295.707291123,242697.10590376743,8196428.089350165,3095.6185978466256,325.0,-81.398615141
CR-C02-012,0.0,242774.094635886,8196318.138045847,3434.0,325.0,-75.774036101
CR-C02-012,50.0,242767.04691091928,8196328.203240211,3385.5332956017933,325.0,-75.774036101
CR-C02-012,100.0,242759.99918595256,8196338.268434575,3337.0665912035865,325.0,-75.774036101
CR-C02-012,150.0,242752.95146098585,8196348.3336289385,3288.59988680538,325.0,-75.774036101
CR-C02-012,200.0,242745.90373601913,8196358.398823302,3240.133182407173,325.0,-75.774036101
CR-C02-012,250.0,242738.8560110524,8196368.464017666,3191.6664780089664,325.0,-75.774036101
CR-C02-012,300.0,242731.8082860857,8196378.52921203,3143.1997736107596,325.0,-75.774036101
CR-C02-012,347.984641236,242725.04463500454,8196388.188706839,3096.686625161975,325.0,-75.774036101
CR-C02-013,0.0,242520.930752756,8196470.479925442,3306.0,145.0,-77.005383208
CR-C02-013,50.0,242527.3794584826,8196461.270219212,3257.2804402152856,145.0,-77.005383208
CR-C02-013,100.0,242533.82816420923,8196452.060512983,3208.560880430571,145.0,-77.005383208
CR-C02-013,150.0,242540.27686993586,8196442.850806754,3159.8413206458567,145.0,-77.005383208
CR-C02-013,200.0,242546.72557566248,8196433.641100525,3111.1217608611423,145.0,-77.005383208
CR-C02-013,230.0,242550.59479909847,8196428.115276787,3081.8900249903136,145.0,-77.005383208
CR-C02-014,0.0,242572.552632028,8196396.756241457,3340.0,325.0,-85.0
CR-C02-014,50.0,242570.05310801137,8196400.325931699,3290.1902650954125,325.0,-85.0
CR-C02-014,100.0,242567.55358399474,8196403.895621941,3240.380530190825,325.0,-85.0
CR-C02-014,150.0,242565.0540599781,8196407.465312184,3190.5707952862376,325.0,-85.0
CR-C02-014,200.0,242562.55453596148,8196411.035002426,3140.76106038165,325.0,-85.0
CR-C02-014,244.276992637,242560.34110783186,8196414.196105397,3096.6525550692236,325.0,-85.0
CR-C02-015,0.0,242624.1745113,8196323.032557471,3374.0,325.0,-80.869823518
CR-C02-015,50.0,242619.62381047627,8196329.531631782,3324.6334814361267,325.0,-80.869823518
CR-C02-015,100.0,242615.07310965256,8196336.030706093,3275.2669628722533,325.0,-80.869823518
CR-C02-015,150.0,242610.52240882884,8196342.529780404,3225.90044430838,325.0,-80.869823518
CR-C02-015,200.0,242605.97170800512,8196349.028854715,3176.5339257445066,325.0,-80.869823518
CR-C02-015,250.0,242601.4210071814,8196355.527929026,3127.1674071806333,325.0,-80.869823518
CR-C02-015,281.8744146,242598.51998868588,8196359.671012808,3095.696829579363,325.0,-80.869823518
CR-C02-016,0.0,242675.796390571,8196249.308873485,3416.0,325.0,-74.854293856
CR-C02-016,50.0,242668.30334272565,8196260.0100548295,3367.7367743326918,325.0,-74.854293856
CR-C02-016,100.0,242660.8102948803,8196270.711236174,3319.4735486653835,325.0,-74.854293856
CR-C02-016,150.0,242653.31724703495,8196281.412417519,3271.2103229980753,325.0,-74.854293856
CR-C02-016,200.0,242645.8241991896,8196292.113598864,3222.947097330767,325.0,-74.854293856
CR-C02-016,250.0,242638.33115134426,8196302.814780208,3174.683871663459,325.0,-74.854293856
CR-C02-016,300.0,242630.8381034989,8196313.515961553,3126.4206459961506,325.0,-74.854293856
CR-C02-016,330.572132118,242626.25653452502,8196320.059120151,3096.9104517653145,325.0,-74.854293856
CR-C02-017,0.0,242422.632507442,8196401.650753081,3288.0,145.0,-75.379126011
CR-C02-017,50.0,242429.8716700533,8196391.312157427,3239.619136380239,145.0,-75.379126011
CR-C02-017,100.0,242437.11083266462,8196380.973561773,3191.238272760478,145.0,-75.379126011
CR-C02-017,150.0,242444.34999527593,8196370.634966119,3142.857409140717,145.0,-75.379126011
CR-C02-017,200.0,242451.58915788724,8196360.296370465,3094.4765455209563,145.0,-75.379126011
CR-C02-017,230.0,242455.93265545403,8196354.093213073,3065.4480273490994,145.0,-75.379126011
CR-C02-018,0.0,242474.254386713,8196327.927069095,3328.0,325.0,-85.0
CR-C02-018,50.0,242471.75486269637,8196331.496759337,3278.1902650954125,325.0,-85.0
CR-C02-018,100.0,242469.25533867974,8196335.06644958,3228.380530190825,325.0,-85.0
CR-C02-018,150.0,242466.7558146631,8196338.636139822,3178.5707952862376,325.0,-85.0
CR-C02-018,200.0,242464.25629064647,8196342.205830065,3128.76106038165,325.0,-85.0
CR-C02-018,232.32265626,242462.6404655344,8196344.513467478,3096.561401587196,325.0,-85.0
CR-C02-019,0.0,242525.876265985,8196254.203385109,3366.0,325.0,-80.537677792
CR-C02-019,50.0,242521.1614967211,8196260.936773435,3316.680303808389,325.0,-80.537677792
CR-C02-019,100.0,242516.4467274572,8196267.670161761,3267.360607616778,325.0,-80.537677792
CR-C02-019,150.0,242511.7319581933,8196274.4035500875,3218.040911425167,325.0,-80.537677792
CR-C02-019,200.0,242507.0171889294,8196281.136938414,3168.721215233556,325.0,-80.537677792
CR-C02-019,250.0,242502.3024196655,8196287.87032674,3119.401519041945,325.0,-80.537677792
CR-C02-019,273.979451091,242500.04126808612,8196291.099585861,3095.7483341889506,325.0,-80.537677792
CR-C02-020,0.0,242577.498145256,8196180.479701123,3390.0,325.0,-73.300755766
CR-C02-020,50.0,242569.2573464462,8196192.248781517,3342.108685738944,325.0,-73.300755766
CR-C02-020,100.0,242561.0165476364,8196204.017861911,3294.2173714778883,325.0,-73.300755766
CR-C02-020,150.0,242552.7757488266,8196215.786942305,3246.3260572168324,325.0,-73.300755766
CR-C02-020,200.0,242544.5349500168,8196227.556022699,3198.4347429557765,325.0,-73.300755766
CR-C02-020,250.0,242536.294151207,8196239.325103093,3150.5434286947207,325.0,-73.300755766
CR-C02-020,300.0,242528.0533523972,8196251.094183487,3102.652114433665,325.0,-73.300755766
CR-C02-020,305.567356214,242527.13576314796,8196252.404636744,3097.3195543127063,325.0,-73.300755766
CR-C03-001,0.0,242765.0,8196605.0,3354.0,90.0,-71.92539724
CR-C03-001,40.0,242777.41020273324,8196605.0,3315.9738659850905,90.0,-71.92539724
CR-C03-001,80.0,242789.82040546648,8196605.0,3277.947731970181,90.0,-71.92539724
CR-C03-001,120.0,242802.23060819972,8196605.0,3239.9215979552714,90.0,-71.92539724
CR-C03-001,160.0,242814.64081093296,8196605.0,3201.895463940362,90.0,-71.92539724
CR-C03-001,200.0,242827.0510136662,8196605.0,3163.8693299254523,90.0,-71.92539724
CR-C03-001,240.0,242839.46121639945,8196605.0,3125.843195910543,90.0,-71.92539724
CR-C03-001,280.0,242851.8714191327,8196605.0,3087.8170618956333,90.0,-71.92539724
CR-C03-001,296.406046069,242856.96147807688,8196605.0,3072.220599233769,90.0,-71.92539724
CR-C03-002,0.0,242965.0,8196605.0,3440.0,270.0,-76.504266719
CR-C03-002,40.0,242955.66508190084,8196605.0,3401.1045079208125,270.0,-76.504266719
CR-C03-002,80.0,242946.33016380167,8196605.0,3362.209015841625,270.0,-76.504266719
CR-C03-002,120.0,242936.9952457025,8196605.0,3323.3135237624374,270.0,-76.504266719
CR-C03-002,160.0,242927.66032760334,8196605.0,3284.41803168325,270.0,-76.504266719
CR-C03-002,200.0,242918.32540950418,8196605.0,3245.5225396040623,270.0,-76.504266719
CR-C03-002,240.0,242908.990491405,8196605.0,3206.627047524875,270.0,-76.504266719
CR-C03-002,280.0,242899.65557330585,8196605.0,3167.7315554456873,270.0,-76.504266719
CR-C03-002,320.0,242890.32065520668,8196605.0,3128.8360633664997,270.0,-76.504266719
CR-C03-002,360.0,242880.98573710752,8196605.0,3089.940571287312,270.0,-76.504266719
CR-C03-002,379.228963437,242876.49821713712,8196605.0,3071.2425714109418,270.0,-76.504266719
CR-C03-003,0.0,242865.0,8196515.0,3458.0,0.0,-78.433310206
CR-C03-003,40.0,242865.0,8196523.020335553,3418.8123205889924,0.0,-78.433310206
CR-C03-003,80.0,242865.0,8196531.040671106,3379.624641177985,0.0,-78.433310206
CR-C03-003,120.0,242865.0,8196539.06100666,3340.436961766977,0.0,-78.433310206
CR-C03-003,160.0,242865.0,8196547.081342213,3301.2492823559696,0.0,-78.433310206
CR-C03-003,200.0,242865.0,8196555.101677766,3262.061602944962,0.0,-78.433310206
CR-C03-003,240.0,242865.0,8196563.122013319,3222.8739235339544,0.0,-78.433310206
CR-C03-003,280.0,242865.0,8196571.1423488725,3183.686244122947,0.0,-78.433310206
CR-C03-003,320.0,242865.0,8196579.162684426,3144.4985647119393,0.0,-78.433310206
CR-C03-003,360.0,242865.0,8196587.183019979,3105.3108853009317,0.0,-78.433310206
CR-C03-003,395.110039845,242865.0,8196594.2228775,3070.9138606620927,0.0,-78.433310206
CR-C03-004,0.0,242865.0,8196695.0,3350.0,180.0,-73.367883494
CR-C03-004,40.0,242865.0,8196683.550980022,3311.673508619517,180.0,-73.367883494
CR-C03-004,80.0,242865.0,8196672.101960044,3273.3470172390344,180.0,-73.367883494
CR-C03-004,120.0,242865.0,8196660.6529400665,3235.0205258585515,180.0,-73.367883494
CR-C03-004,160.0,242865.0,8196649.203920089,3196.6940344780687,180.0,-73.367883494
CR-C03-004,200.0,242865.0,8196637.754900111,3158.367543097586,180.0,-73.367883494
CR-C03-004,240.0,242865.0,8196626.305880133,3120.041051717103,180.0,-73.367883494
CR-C03-004,280.0,242865.0,8196614.856860155,3081.7145603366203,180.0,-73.367883494
CR-C03-004,290.261166922,242865.0,8196611.919852528,3071.882697196877,180.0,-73.367883494
CR-C03-005,0.0,242795.0,8196545.0,3390.0,49.398705355,-75.345321882
CR-C03-005,40.0,242802.68345635652,8196551.585819734,3351.301272929892,49.398705355,-75.345321882
CR-C03-005,80.0,242810.36691271304,8196558.1716394685,3312.602545859784,49.398705355,-75.345321882
CR-C03-005,120.0,242818.05036906956,8196564.757459203,3273.9038187896763,49.398705355,-75.345321882
CR-C03-005,160.0,242825.73382542608,8196571.343278937,3235.2050917195684,49.398705355,-75.345321882
CR-C03-005,200.0,242833.4172817826,8196577.929098671,3196.5063646494605,49.398705355,-75.345321882
CR-C03-005,240.0,242841.10073813912,8196584.514918406,3157.8076375793526,49.398705355,-75.345321882
CR-C03-005,280.0,242848.78419449565,8196591.10073814,3119.1089105092447,49.398705355,-75.345321882
CR-C03-005,320.0,242856.46765085217,8196597.686557874,3080.4101834391367,49.398705355,-75.345321882
CR-C03-005,329.247075623,242858.24388840154,8196599.209047202,3071.4639320458587,49.398705355,-75.345321882
CR-C03-006,0.0,242935.0,8196665.0,3398.0,229.398705355,-75.74246814
CR-C03-006,40.0,242927.5203900424,8196658.588905751,3359.2320582773914,229.398705355,-75.74246814
CR-C03-006,80.0,242920.0407800848,8196652.177811502,3320.464116554783,229.398705355,-75.74246814
CR-C03-006,120.0,242912.56117012718,8196645.766717252,3281.696174832174,229.398705355,-75.74246814
CR-C03-006,160.0,242905.08156016958,8196639.355623003,3242.9282331095656,229.398705355,-75.74246814
CR-C03-006,200.0,242897.60195021197,8196632.944528754,3204.160291386957,229.398705355,-75.74246814
CR-C03-006,240.0,242890.12234025437,8196626.533434505,3165.3923496643483,229.398705355,-75.74246814
CR-C03-006,280.0,242882.64273029676,8196620.122340255,3126.6244079417397,229.398705355,-75.74246814
CR-C03-006,320.0,242875.16312033916,8196613.711246006,3087.856466219131,229.398705355,-75.74246814
CR-C03-006,336.993835551,242871.98543879902,8196610.987518972,3071.386065562012,229.398705355,-75.74246814
