hole_id,dataset_id,project_id,campaign_id,from_m,to_m,length_m,lith_code,mid_m,from_x,from_y,from_z,mid_x,mid_y,mid_z,to_x,to_y,to_z
CR-C01-001,DS04,cerro_rojo,CAMPAIGN_01,0.000000000,7.000000000,7.000000000,REG,3.5,242792.058179042,8196745.779614356,3312.0,242792.26802176412,8196745.479927891,3308.519173366211,242792.47786448622,8196745.1802414255,3305.0383467324223
CR-C01-001,DS04,cerro_rojo,CAMPAIGN_01,7.000000000,230.000000000,223.000000000,DIO,118.5,242792.47786448622,8196745.1802414255,3305.0383467324223,242799.16285406167,8196735.633086887,3194.14915539886,242805.8478436371,8196726.085932349,3083.2599640652975
CR-C01-002,DS04,cerro_rojo,CAMPAIGN_01,0.000000000,7.000000000,7.000000000,REG,3.5,242883.830408858,8196614.71528727,3372.0,242884.0402515801,8196614.415600805,3368.519173366211,242884.2500943022,8196614.115914339,3365.0383467324223
CR-C01-002,DS04,cerro_rojo,CAMPAIGN_01,7.000000000,16.000000000,9.000000000,DIO,11.5,242884.2500943022,8196614.115914339,3365.0383467324223,242884.51989208776,8196613.73060317,3360.5629982032647,242884.78968987332,8196613.345292,3356.0876496741075
CR-C01-002,DS04,cerro_rojo,CAMPAIGN_01,16.000000000,232.000000000,216.000000000,POR,124.0,242884.78968987332,8196613.345292,3356.0876496741075,242891.2648367268,8196604.097823927,3248.679284974334,242897.73998358028,8196594.850355854,3141.2709202745614
CR-C01-002,DS04,cerro_rojo,CAMPAIGN_01,232.000000000,278.000000000,46.000000000,BRX,255.0,242897.73998358028,8196594.850355854,3141.2709202745614,242899.11895003982,8196592.8809876535,3118.396916681091,242900.49791649936,8196590.911619453,3095.522913087621
CR-C01-002,DS04,cerro_rojo,CAMPAIGN_01,278.000000000,280.783860772,2.783860772,POR,279.391930386,242900.49791649936,8196590.911619453,3095.522913087621,242900.58136977398,8196590.792435825,3094.1386078419155,242900.6648230486,8196590.673252197,3092.75430259621
CR-C01-003,DS04,cerro_rojo,CAMPAIGN_01,0.000000000,7.000000000,7.000000000,REG,3.5,242975.602638674,8196483.650960184,3502.0,242975.3927959519,8196483.950646649,3498.519173366211,242975.18295322979,8196484.2503331145,3495.0383467324223
CR-C01-003,DS04,cerro_rojo,CAMPAIGN_01,7.000000000,368.000000000,361.000000000,DIO,187.5,242975.18295322979,8196484.2503331145,3495.0383467324223,242964.3610642758,8196499.705592255,3315.5271446184493,242953.5391753218,8196515.160851396,3136.0159425044762
CR-C01-003,DS04,cerro_rojo,CAMPAIGN_01,368.000000000,411.744162582,43.744162582,POR,389.872081291,242953.5391753218,8196515.160851396,3136.0159425044762,242952.22783330007,8196517.03364189,3114.2636787633023,242950.91649127833,8196518.906432385,3092.511415022128
CR-C01-004,DS04,cerro_rojo,CAMPAIGN_01,0.000000000,7.000000000,7.000000000,REG,3.5,242628.227770184,8196631.064327086,3314.0,242628.4376129061,8196630.764640621,3310.519173366211,242628.6474556282,8196630.4649541555,3307.0383467324223
CR-C01-004,DS04,cerro_rojo,CAMPAIGN_01,7.000000000,230.000000000,223.000000000,DIO,118.5,242628.6474556282,8196630.4649541555,3307.0383467324223,242635.33244520365,8196620.917799617,3196.14915539886,242642.0174347791,8196611.370645079,3085.2599640652975
CR-C01-005,DS04,cerro_rojo,CAMPAIGN_01,0.000000000,7.000000000,7.000000000,REG,3.5,242720.0,8196500.0,3370.0,242720.2098427221,8196499.700313535,3366.519173366211,242720.4196854442,8196499.400627069,3363.0383467324223
CR-C01-005,DS04,cerro_rojo,CAMPAIGN_01,7.000000000,156.000000000,149.000000000,POR,81.5,242720.4196854442,8196499.400627069,3363.0383467324223,242724.88633767184,8196493.021586593,3288.946465527486,242729.3529898995,8196486.642546116,3214.8545843225497
CR-C01-005,DS04,cerro_rojo,CAMPAIGN_01,156.000000000,270.000000000,114.000000000,BRX,213.0,242729.3529898995,8196486.642546116,3214.8545843225497,242732.77042851658,8196481.7619379675,3158.1668362865585,242736.1878671337,8196476.881329818,3101.4790882505667
CR-C01-005,DS04,cerro_rojo,CAMPAIGN_01,270.000000000,278.794816981,8.794816981,POR,274.39740849049997,242736.1878671337,8196476.881329818,3101.4790882505667,242736.4515140388,8196476.504803016,3097.1057692238865,242736.71516094392,8196476.128276214,3092.7324501972057
CR-C01-006,DS04,cerro_rojo,CAMPAIGN_01,0.000000000,7.000000000,7.000000000,REG,3.5,242811.772229816,8196368.935672914,3446.0,242811.5623870939,8196369.235359379,3442.519173366211,242811.3525443718,8196369.5350458445,3439.0383467324223
CR-C01-006,DS04,cerro_rojo,CAMPAIGN_01,7.000000000,280.000000000,273.000000000,DIO,143.5,242811.3525443718,8196369.5350458445,3439.0383467324223,242803.1686782099,8196381.222817992,3303.286108014653,242794.98481204803,8196392.91059014,3167.5338692968844
CR-C01-006,DS04,cerro_rojo,CAMPAIGN_01,280.000000000,356.050936441,76.050936441,POR,318.0254682205,242794.98481204803,8196392.91059014,3167.5338692968844,242792.7049926879,8196396.166509615,3129.7167085699666,242790.42517332776,8196399.42242909,3091.899547843049
CR-C01-007,DS04,cerro_rojo,CAMPAIGN_01,0.000000000,7.000000000,7.000000000,REG,3.5,242464.397361326,8196516.349039816,3288.0,242464.62856816375,8196516.0188422315,3284.5232899238817,242464.8597750015,8196515.688644648,3281.046579847763
CR-C01-007,DS04,cerro_rojo,CAMPAIGN_01,7.000000000,230.000000000,223.000000000,DIO,118.5,242464.8597750015,8196515.688644648,3281.046579847763,242472.22536426102,8196505.169493028,3170.2885302799905,242479.59095352056,8196494.650341409,3059.5304807122184
CR-C01-008,DS04,cerro_rojo,CAMPAIGN_01,0.000000000,7.000000000,7.000000000,REG,3.5,242556.169591142,8196385.28471273,3338.0,242556.37943386412,8196384.985026265,3334.519173366211,242556.58927658622,8196384.685339799,3331.0383467324223
CR-C01-008,DS04,cerro_rojo,CAMPAIGN_01,7.000000000,246.970116329,239.970116329,POR,126.9850581645,242556.58927658622,8196384.685339799,3331.0383467324223,242563.7829883625,8196374.411654664,3211.710579270791,242570.9767001388,8196364.137969529,3092.3828118091606
CR-C01-009,DS04,cerro_rojo,CAMPAIGN_01,0.000000000,7.000000000,7.000000000,REG,3.5,242647.941820958,8196254.220385644,3404.0,242647.73197823588,8196254.520072109,3400.519173366211,242647.52213551378,8196254.8197585745,3397.0383467324223
CR-C01-009,DS04,cerro_rojo,CAMPAIGN_01,7.000000000,314.281016836,307.281016836,DIO,160.640508418,242647.52213551378,8196254.8197585745,3397.0383467324223,242638.31060908202,8196267.975181689,3244.239497095208,242629.09908265027,8196281.130604803,3091.4406474579937
CR-C02-001,DS04,cerro_rojo,CAMPAIGN_02,0.000000000,7.000000000,7.000000000,REG,3.5,242815.8254887,8196676.967442529,3334.0,242816.21095536527,8196676.41693908,3330.565125707991,242816.5964220305,8196675.86643563,3327.130251415981
CR-C02-001,DS04,cerro_rojo,CAMPAIGN_02,7.000000000,38.000000000,31.000000000,DIO,22.5,242816.5964220305,8196675.86643563,3327.130251415981,242818.3034886909,8196673.4284917815,3311.918665265654,242820.01055535133,8196670.990547933,3296.707079115327
CR-C02-001,DS04,cerro_rojo,CAMPAIGN_02,38.000000000,242.488666324,204.488666324,POR,140.244333162,242820.01055535133,8196670.990547933,3296.707079115327,242831.27106453557,8196654.908874187,3196.3652415490997,242842.5315737198,8196638.827200441,3096.023403982873
CR-C02-002,DS04,cerro_rojo,CAMPAIGN_02,0.000000000,2.000000000,2.000000000,AIR,1.0,242867.447367972,8196603.243758543,3380.0,242867.39737749167,8196603.315152348,3379.0038053019084,242867.34738701134,8196603.386546153,3378.0076106038164
CR-C02-002,DS04,cerro_rojo,CAMPAIGN_02,2.000000000,9.000000000,7.000000000,REG,5.5,242867.34738701134,8196603.386546153,3378.0076106038164,242867.17242033017,8196603.63642447,3374.5209291604956,242866.997453649,8196603.886302787,3371.0342477171744
CR-C02-002,DS04,cerro_rojo,CAMPAIGN_02,9.000000000,15.000000000,6.000000000,DIO,12.0,242866.997453649,8196603.886302787,3371.0342477171744,242866.84748220802,8196604.100484202,3368.045663622899,242866.697510767,8196604.3146656165,3365.057079528624
CR-C02-002,DS04,cerro_rojo,CAMPAIGN_02,15.000000000,226.000000000,211.000000000,POR,120.5,242866.697510767,8196604.3146656165,3365.057079528624,242861.4235150919,8196611.846712028,3259.958538879944,242856.14951941682,8196619.378758439,3154.859998231265
CR-C02-002,DS04,cerro_rojo,CAMPAIGN_02,226.000000000,284.124780561,58.124780561,BRX,255.0623902805,242856.14951941682,8196619.378758439,3154.859998231265,242854.69667656708,8196621.453633059,3125.9081991199573,242853.24383371734,8196623.528507679,3096.9564000086502
CR-C02-003,DS04,cerro_rojo,CAMPAIGN_02,0.000000000,7.000000000,7.000000000,REG,3.5,242919.069247244,8196529.520074558,3476.0,242918.84889766513,8196529.83476637,3472.5211474410917,242918.62854808624,8196530.149458182,3469.042294882183
CR-C02-003,DS04,cerro_rojo,CAMPAIGN_02,7.000000000,161.000000000,154.000000000,DIO,84.0,242918.62854808624,8196530.149458182,3469.042294882183,242913.7808573507,8196537.072678043,3392.5075385861974,242908.93316661517,8196543.995897904,3315.9727822902114
CR-C02-003,DS04,cerro_rojo,CAMPAIGN_02,161.000000000,382.981706807,221.981706807,POR,271.9908534035,242908.93316661517,8196543.995897904,3315.9727822902114,242901.9455129558,8196553.975301549,3205.6525496107265,242894.9578592964,8196563.954705194,3095.3323169312416
CR-C02-004,DS04,cerro_rojo,CAMPAIGN_02,0.000000000,7.000000000,7.000000000,REG,3.5,242970.691126515,8196455.796390572,3524.0,242970.3116210751,8196456.338380509,3520.563108595164,242969.93211563517,8196456.8803704465,3517.126217190328
CR-C02-004,DS04,cerro_rojo,CAMPAIGN_02,7.000000000,356.000000000,349.000000000,DIO,181.5,242969.93211563517,8196456.8803704465,3517.126217190328,242951.01105870184,8196483.90244019,3345.77263143494,242932.09000176852,8196510.924509934,3174.4190456795527
CR-C02-004,DS04,cerro_rojo,CAMPAIGN_02,356.000000000,435.867431005,79.867431005,POR,395.93371550250004,242932.09000176852,8196510.924509934,3174.4190456795527,242927.75998397722,8196517.108416212,3135.205376087066,242923.4299661859,8196523.292322489,3095.9917064945794
CR-C02-005,DS04,cerro_rojo,CAMPAIGN_02,0.000000000,7.000000000,7.000000000,REG,3.5,242717.527243386,8196608.138270167,3338.0,242717.90480176598,8196607.599060919,3334.562456828374,242718.28236014597,8196607.059851672,3331.124913656747
CR-C02-005,DS04,cerro_rojo,CAMPAIGN_02,7.000000000,9.000000000,2.000000000,DIO,8.0,242718.28236014597,8196607.059851672,3331.124913656747,242718.39023396882,8196606.905791886,3330.142758464854,242718.49810779165,8196606.751732101,3329.160603272961
CR-C02-005,DS04,cerro_rojo,CAMPAIGN_02,9.000000000,246.415777824,237.415777824,POR,127.707888912,242718.49810779165,8196606.751732101,3329.160603272961,242731.30358157124,8196588.463620247,3212.571033859355,242744.10905535085,8196570.175508394,3095.9814644457488
CR-C02-006,DS04,cerro_rojo,CAMPAIGN_02,0.000000000,7.000000000,7.000000000,REG,3.5,242769.149122657,8196534.414586181,3380.0,242768.97415597583,8196534.664464498,3376.5133185566788,242768.79918929466,8196534.914342815,3373.0266371133575
CR-C02-006,DS04,cerro_rojo,CAMPAIGN_02,7.000000000,180.000000000,173.000000000,POR,93.5,242768.79918929466,8196534.914342815,3373.0266371133575,242764.47501274588,8196541.089906934,3286.8557957284215,242760.1508361971,8196547.265471053,3200.684954343485
CR-C02-006,DS04,cerro_rojo,CAMPAIGN_02,180.000000000,269.000000000,89.000000000,BRX,224.5,242760.1508361971,8196547.265471053,3200.684954343485,242757.92625982233,8196550.442495369,3156.3542902784025,242755.70168344752,8196553.619519684,3112.0236262133194
CR-C02-006,DS04,cerro_rojo,CAMPAIGN_02,269.000000000,284.124780561,15.124780561,POR,276.56239028050004,242755.70168344752,8196553.619519684,3112.0236262133194,242755.32363592493,8196554.1594275,3104.490013110985,242754.94558840233,8196554.699335316,3096.9564000086502
CR-C02-007,DS04,cerro_rojo,CAMPAIGN_02,0.000000000,7.000000000,7.000000000,REG,3.5,242820.771001929,8196460.690902195,3430.0,242820.51499979576,8196461.056511131,3426.5285747864227,242820.25899766252,8196461.422120067,3423.0571495728454
CR-C02-007,DS04,cerro_rojo,CAMPAIGN_02,7.000000000,8.000000000,1.000000000,DIO,7.5,242820.25899766252,8196461.422120067,3423.0571495728454,242820.2224259292,8196461.474349916,3422.5612316851916,242820.18585419588,8196461.526579764,3422.065313797538
CR-C02-007,DS04,cerro_rojo,CAMPAIGN_02,8.000000000,9.000000000,1.000000000,REG,8.5,242820.18585419588,8196461.526579764,3422.065313797538,242820.14928246255,8196461.5788096115,3421.5693959098835,242820.11271072924,8196461.63103946,3421.0734780222297
CR-C02-007,DS04,cerro_rojo,CAMPAIGN_02,9.000000000,87.000000000,78.000000000,DIO,48.0,242820.11271072924,8196461.63103946,3421.0734780222297,242817.26011553023,8196465.704967608,3382.391882785226,242814.40752033124,8196469.778895755,3343.7102875482215
CR-C02-007,DS04,cerro_rojo,CAMPAIGN_02,87.000000000,337.304799817,250.304799817,POR,212.1523999085,242814.40752033124,8196469.778895755,3343.7102875482215,242805.25343994345,8196482.852277415,3219.5796599533423,242796.09935955566,8196495.925659075,3095.4490323584632
CR-C02-008,DS04,cerro_rojo,CAMPAIGN_02,0.000000000,7.000000000,7.000000000,REG,3.5,242872.392881201,8196386.967218209,3518.0,242872.00741453574,8196387.517721659,3514.565125707991,242871.6219478705,8196388.068225108,3511.130251415981
CR-C02-008,DS04,cerro_rojo,CAMPAIGN_02,7.000000000,298.000000000,291.000000000,DIO,152.5,242871.6219478705,8196388.068225108,3511.130251415981,242855.5975479293,8196410.9534399435,3368.3376201338774,242839.57314798812,8196433.838654779,3225.5449888517737
CR-C02-008,DS04,cerro_rojo,CAMPAIGN_02,298.000000000,429.977332648,131.977332648,POR,363.988666324,242839.57314798812,8196433.838654779,3225.5449888517737,242832.30559623032,8196444.217794335,3160.784196417405,242825.0380444725,8196454.596933892,3096.0234039830357
CR-C02-009,DS04,cerro_rojo,CAMPAIGN_02,0.000000000,7.000000000,7.000000000,REG,3.5,242619.228998071,8196539.309097805,3324.0,242619.6357323722,8196538.728221023,3320.5725885317197,242620.0424666734,8196538.147344242,3317.1451770634394
CR-C02-009,DS04,cerro_rojo,CAMPAIGN_02,7.000000000,232.685114740,225.685114740,POR,119.84255737,242620.0424666734,8196538.147344242,3317.1451770634394,242633.1558777356,8196519.419452373,3206.642926994864,242646.26928879783,8196500.691560503,3096.140676926288
CR-C02-010,DS04,cerro_rojo,CAMPAIGN_02,0.000000000,7.000000000,7.000000000,REG,3.5,242670.850877343,8196465.585413819,3360.0,242670.67591066184,8196465.835292136,3356.5133185566788,242670.50094398067,8196466.085170453,3353.0266371133575
CR-C02-010,DS04,cerro_rojo,CAMPAIGN_02,7.000000000,158.000000000,151.000000000,POR,82.5,242670.50094398067,8196466.085170453,3353.0266371133575,242666.72666271558,8196471.475402719,3277.813937407431,242662.95238145045,8196476.865634985,3202.6012377015036
CR-C02-010,DS04,cerro_rojo,CAMPAIGN_02,158.000000000,252.000000000,94.000000000,BRX,205.0,242662.95238145045,8196476.865634985,3202.6012377015036,242660.6028288748,8196480.221143813,3155.7800868911913,242658.2532762992,8196483.5766526405,3108.958936080879
CR-C02-010,DS04,cerro_rojo,CAMPAIGN_02,252.000000000,264.200886599,12.200886599,POR,258.1004432995,242658.2532762992,8196483.5766526405,3108.958936080879,242657.9483122084,8196484.012186499,3102.881706809908,242657.64334811762,8196484.447720357,3096.8044775389367
CR-C02-011,DS04,cerro_rojo,CAMPAIGN_02,0.000000000,7.000000000,7.000000000,REG,3.5,242722.472756614,8196391.861729833,3388.0,242722.17251381435,8196392.290520989,3384.5393653174715,242721.8722710147,8196392.719312145,3381.078730634943
CR-C02-011,DS04,cerro_rojo,CAMPAIGN_02,7.000000000,50.000000000,43.000000000,DIO,28.5,242721.8722710147,8196392.719312145,3381.078730634943,242720.0279223883,8196395.353314959,3359.8205461565535,242718.1835737619,8196397.987317774,3338.562361678164
CR-C02-011,DS04,cerro_rojo,CAMPAIGN_02,50.000000000,295.707291123,245.707291123,POR,172.8536455615,242718.1835737619,8196397.987317774,3338.562361678164,242707.64473876468,8196413.03833397,3217.090479762395,242697.10590376743,8196428.089350165,3095.6185978466256
CR-C02-012,DS04,cerro_rojo,CAMPAIGN_02,0.000000000,9.000000000,9.000000000,REG,4.5,242774.094635886,8196318.138045847,3434.0,242773.460340639,8196319.04391334,3429.6379966041613,242772.826045392,8196319.949780833,3425.2759932083227
CR-C02-012,DS04,cerro_rojo,CAMPAIGN_02,9.000000000,10.000000000,1.000000000,DIO,9.5,242772.826045392,8196319.949780833,3425.2759932083227,242772.7555681423,8196320.050432776,3424.7913261643407,242772.68509089266,8196320.15108472,3424.3066591203587
CR-C02-012,DS04,cerro_rojo,CAMPAIGN_02,10.000000000,11.000000000,1.000000000,REG,10.5,242772.68509089266,8196320.15108472,3424.3066591203587,242772.61461364297,8196320.251736664,3423.821992076377,242772.54413639332,8196320.352388607,3423.3373250323943
CR-C02-012,DS04,cerro_rojo,CAMPAIGN_02,11.000000000,226.000000000,215.000000000,DIO,118.5,242772.54413639332,8196320.352388607,3423.3373250323943,242757.39152771488,8196341.992556489,3319.13391057625,242742.23891903643,8196363.632724372,3214.9304961201055
CR-C02-012,DS04,cerro_rojo,CAMPAIGN_02,226.000000000,347.984641236,121.984641236,POR,286.992320618,242742.23891903643,8196363.632724372,3214.9304961201055,242733.6417770205,8196375.910715606,3155.8085606410405,242725.04463500454,8196388.188706839,3096.686625161975
CR-C02-013,DS04,cerro_rojo,CAMPAIGN_02,0.000000000,7.000000000,7.000000000,REG,3.5,242520.930752756,8196470.479925442,3306.0,242521.38216215686,8196469.835246005,3302.58963081507,242521.8335715577,8196469.19056657,3299.17926163014
CR-C02-013,DS04,cerro_rojo,CAMPAIGN_02,7.000000000,17.000000000,10.000000000,DIO,12.0,242521.8335715577,8196469.19056657,3299.17926163014,242522.47844213038,8196468.269595946,3294.3073056516687,242523.12331270304,8196467.348625324,3289.435349673197
CR-C02-013,DS04,cerro_rojo,CAMPAIGN_02,17.000000000,230.000000000,213.000000000,POR,123.5,242523.12331270304,8196467.348625324,3289.435349673197,242536.85905590074,8196447.731951055,3185.6626873317555,242550.59479909847,8196428.115276787,3081.8900249903136
CR-C02-014,DS04,cerro_rojo,CAMPAIGN_02,0.000000000,7.000000000,7.000000000,REG,3.5,242572.552632028,8196396.756241457,3340.0,242572.37766534684,8196397.006119774,3336.5133185566788,242572.20269866567,8196397.255998091,3333.0266371133575
CR-C02-014,DS04,cerro_rojo,CAMPAIGN_02,7.000000000,244.276992637,237.276992637,POR,125.6384963185,242572.20269866567,8196397.255998091,3333.0266371133575,242566.27190324877,8196405.726051744,3214.8395960912903,242560.34110783186,8196414.196105397,3096.6525550692236
CR-C02-015,DS04,cerro_rojo,CAMPAIGN_02,0.000000000,7.000000000,7.000000000,REG,3.5,242624.1745113,8196323.032557471,3374.0,242623.85596224232,8196323.487492672,3370.5443437005288,242623.53741318468,8196323.942427875,3367.0886874010575
CR-C02-015,DS04,cerro_rojo,CAMPAIGN_02,7.000000000,70.000000000,63.000000000,DIO,38.5,242623.53741318468,8196323.942427875,3367.0886874010575,242620.67047166574,8196328.03684469,3335.9877807058174,242617.80353014678,8196332.131261506,3304.8868740105772
CR-C02-015,DS04,cerro_rojo,CAMPAIGN_02,70.000000000,281.874414600,211.874414600,POR,175.9372073,242617.80353014678,8196332.131261506,3304.8868740105772,242608.16175941634,8196345.901137157,3200.29185179497,242598.51998868588,8196359.671012808,3095.696829579363
CR-C02-016,DS04,cerro_rojo,CAMPAIGN_02,0.000000000,7.000000000,7.000000000,REG,3.5,242675.796390571,8196249.308873485,3416.0,242675.27187722182,8196250.057956179,3412.621574203288,242674.74736387265,8196250.807038873,3409.243148406577
CR-C02-016,DS04,cerro_rojo,CAMPAIGN_02,7.000000000,8.000000000,1.000000000,DIO,7.5,242674.74736387265,8196250.807038873,3409.243148406577,242674.67243339418,8196250.914050686,3408.7605161499037,242674.59750291574,8196251.0210625,3408.277883893231
CR-C02-016,DS04,cerro_rojo,CAMPAIGN_02,8.000000000,9.000000000,1.000000000,REG,8.5,242674.59750291574,8196251.0210625,3408.277883893231,242674.52257243727,8196251.1280743135,3407.7952516365576,242674.44764195883,8196251.235086127,3407.3126193798844
CR-C02-016,DS04,cerro_rojo,CAMPAIGN_02,9.000000000,256.000000000,247.000000000,DIO,132.5,242674.44764195883,8196251.235086127,3407.3126193798844,242655.93981378083,8196277.667004048,3288.1024519816333,242637.43198560283,8196304.0989219695,3168.8922845833818
CR-C02-016,DS04,cerro_rojo,CAMPAIGN_02,256.000000000,330.572132118,74.572132118,POR,293.286066059,242637.43198560283,8196304.0989219695,3168.8922845833818,242631.84426006392,8196312.07902106,3132.901368174348,242626.25653452502,8196320.059120151,3096.9104517653145
CR-C02-017,DS04,cerro_rojo,CAMPAIGN_02,0.000000000,7.000000000,7.000000000,REG,3.5,242422.632507442,8196401.650753081,3288.0,242423.1392488248,8196400.927051385,3284.6133395466168,242423.6459902076,8196400.203349689,3281.2266790932335
CR-C02-017,DS04,cerro_rojo,CAMPAIGN_02,7.000000000,91.000000000,84.000000000,DIO,49.0,242423.6459902076,8196400.203349689,3281.2266790932335,242429.72688680107,8196391.51892934,3240.5867536526343,242435.8077833946,8196382.834508991,3199.946828212035
CR-C02-017,DS04,cerro_rojo,CAMPAIGN_02,91.000000000,230.000000000,139.000000000,POR,160.5,242435.8077833946,8196382.834508991,3199.946828212035,242445.8702194243,8196368.463861031,3132.6974277805675,242455.93265545403,8196354.093213073,3065.4480273490994
CR-C02-018,DS04,cerro_rojo,CAMPAIGN_02,0.000000000,7.000000000,7.000000000,REG,3.5,242474.254386713,8196327.927069095,3328.0,242474.07942003183,8196328.176947412,3324.5133185566788,242473.90445335067,8196328.426825729,3321.0266371133575
CR-C02-018,DS04,cerro_rojo,CAMPAIGN_02,7.000000000,42.000000000,35.000000000,DIO,24.5,242473.90445335067,8196328.426825729,3321.0266371133575,242473.02961994486,8196329.676217314,3303.5932298967523,242472.15478653903,8196330.9256088985,3286.1598226801466
CR-C02-018,DS04,cerro_rojo,CAMPAIGN_02,42.000000000,232.322656260,190.322656260,POR,137.16132813000002,242472.15478653903,8196330.9256088985,3286.1598226801466,242467.39762603672,8196337.719538189,3191.360612133671,242462.6404655344,8196344.513467478,3096.561401587196
CR-C02-019,DS04,cerro_rojo,CAMPAIGN_02,0.000000000,7.000000000,7.000000000,REG,3.5,242525.876265985,8196254.203385109,3366.0,242525.54623213652,8196254.6747222915,3362.547621266587,242525.21619828805,8196255.146059475,3359.0952425331743
CR-C02-019,DS04,cerro_rojo,CAMPAIGN_02,7.000000000,157.000000000,150.000000000,DIO,82.0,242525.21619828805,8196255.146059475,3359.0952425331743,242518.1440443922,8196265.246141964,3285.115698245758,242511.07189049636,8196275.346224453,3211.1361539583413
CR-C02-019,DS04,cerro_rojo,CAMPAIGN_02,157.000000000,273.979451091,116.979451091,POR,215.4897255455,242511.07189049636,8196275.346224453,3211.1361539583413,242505.55657929124,8196283.222905157,3153.442244073646,242500.04126808612,8196291.099585861,3095.7483341889506
CR-C02-020,DS04,cerro_rojo,CAMPAIGN_02,0.000000000,7.000000000,7.000000000,REG,3.5,242577.498145256,8196180.479701123,3390.0,242576.9212893393,8196181.30353675,3386.647608001726,242576.3444334226,8196182.1273723785,3383.295216003452
CR-C02-020,DS04,cerro_rojo,CAMPAIGN_02,7.000000000,305.567356214,298.567356214,DIO,156.283678107,242576.3444334226,8196182.1273723785,3383.295216003452,242551.74009828529,8196217.266004561,3240.3073851580793,242527.13576314796,8196252.404636744,3097.3195543127063
CR-C03-001,DS04,cerro_rojo,CAMPAIGN_03,0.000000000,5.000000000,5.000000000,REG,2.5,242765.0,8196605.0,3354.0,242765.77563767083,8196605.0,3351.6233666240682,242766.55127534166,8196605.0,3349.2467332481365
CR-C03-001,DS04,cerro_rojo,CAMPAIGN_03,5.000000000,223.000000000,218.000000000,POR,114.0,242766.55127534166,8196605.0,3349.2467332481365,242800.36907778974,8196605.0,3245.6255180575076,242834.18688023783,8196605.0,3142.0043028668792
CR-C03-001,DS04,cerro_rojo,CAMPAIGN_03,223.000000000,296.406046069,73.406046069,BRX,259.7030230345,242834.18688023783,8196605.0,3142.0043028668792,242845.57417915735,8196605.0,3107.112451050324,242856.96147807688,8196605.0,3072.220599233769
CR-C03-002,DS04,cerro_rojo,CAMPAIGN_03,0.000000000,9.000000000,9.000000000,REG,4.5,242965.0,8196605.0,3440.0,242963.94982171385,8196605.0,3435.624257141091,242962.8996434277,8196605.0,3431.248514282183
CR-C03-002,DS04,cerro_rojo,CAMPAIGN_03,9.000000000,122.000000000,113.000000000,DIO,65.5,242962.8996434277,8196605.0,3431.248514282183,242949.71407161263,8196605.0,3376.3086317203306,242936.52849979754,8196605.0,3321.368749158478
CR-C03-002,DS04,cerro_rojo,CAMPAIGN_03,122.000000000,303.000000000,181.000000000,POR,212.5,242936.52849979754,8196605.0,3321.368749158478,242915.40824759818,8196605.0,3233.367698329316,242894.28799539883,8196605.0,3145.3666475001546
CR-C03-002,DS04,cerro_rojo,CAMPAIGN_03,303.000000000,379.228963437,76.228963437,BRX,341.1144817185,242894.28799539883,8196605.0,3145.3666475001546,242885.39310626796,8196605.0,3108.304609455548,242876.49821713712,8196605.0,3071.2425714109418
CR-C03-003,DS04,cerro_rojo,CAMPAIGN_03,0.000000000,13.000000000,13.000000000,REG,6.5,242865.0,8196515.0,3458.0,242865.0,8196516.303304527,3451.6320020957114,242865.0,8196517.606609055,3445.2640041914224
CR-C03-003,DS04,cerro_rojo,CAMPAIGN_03,13.000000000,15.000000000,2.000000000,DIO,14.0,242865.0,8196517.606609055,3445.2640041914224,242865.0,8196517.8071174435,3444.284312206147,242865.0,8196518.007625832,3443.304620220872
CR-C03-003,DS04,cerro_rojo,CAMPAIGN_03,15.000000000,19.000000000,4.000000000,REG,17.0,242865.0,8196518.007625832,3443.304620220872,242865.0,8196518.408642611,3441.3452362503217,242865.0,8196518.809659388,3439.3858522797714
CR-C03-003,DS04,cerro_rojo,CAMPAIGN_03,19.000000000,105.000000000,86.000000000,DIO,62.0,242865.0,8196518.809659388,3439.3858522797714,242865.0,8196527.431520107,3397.2590969129383,242865.0,8196536.053380827,3355.132341546105
CR-C03-003,DS04,cerro_rojo,CAMPAIGN_03,105.000000000,329.000000000,224.000000000,POR,217.0,242865.0,8196536.053380827,3355.132341546105,242865.0,8196558.510320377,3245.4068391952837,242865.0,8196580.967259925,3135.6813368444627
CR-C03-003,DS04,cerro_rojo,CAMPAIGN_03,329.000000000,393.000000000,64.000000000,BRX,361.0,242865.0,8196580.967259925,3135.6813368444627,242865.0,8196587.383528368,3104.3311933156565,242865.0,8196593.79979681,3072.9810497868507
CR-C03-003,DS04,cerro_rojo,CAMPAIGN_03,393.000000000,395.110039845,2.110039845,POR,394.05501992250004,242865.0,8196593.79979681,3072.9810497868507,242865.0,8196594.011337155,3071.9474552244715,242865.0,8196594.2228775,3070.9138606620927
CR-C03-004,DS04,cerro_rojo,CAMPAIGN_03,0.000000000,7.000000000,7.000000000,REG,3.5,242865.0,8196695.0,3350.0,242865.0,8196693.998210752,3346.646432004208,242865.0,8196692.996421504,3343.2928640084156
CR-C03-004,DS04,cerro_rojo,CAMPAIGN_03,7.000000000,51.000000000,44.000000000,DIO,29.0,242865.0,8196692.996421504,3343.2928640084156,242865.0,8196686.699460516,3322.21329374915,242865.0,8196680.402499529,3301.1337234898842
CR-C03-004,DS04,cerro_rojo,CAMPAIGN_03,51.000000000,227.000000000,176.000000000,POR,139.0,242865.0,8196680.402499529,3301.1337234898842,242865.0,8196655.214655577,3216.815442452822,242865.0,8196630.026811626,3132.49716141576
CR-C03-004,DS04,cerro_rojo,CAMPAIGN_03,227.000000000,290.261166922,63.261166922,BRX,258.630583461,242865.0,8196630.026811626,3132.49716141576,242865.0,8196620.973332077,3102.1899293063184,242865.0,8196611.919852528,3071.882697196877
CR-C03-005,DS04,cerro_rojo,CAMPAIGN_03,0.000000000,7.000000000,7.000000000,REG,3.5,242795.0,8196545.0,3390.0,242795.6723024312,8196545.576259227,3386.6138613813655,242796.3446048624,8196546.152518453,3383.227722762731
CR-C03-005,DS04,cerro_rojo,CAMPAIGN_03,7.000000000,264.000000000,257.000000000,POR,135.5,242796.3446048624,8196546.152518453,3383.227722762731,242821.02770840772,8196567.309464349,3258.9080620500094,242845.71081195303,8196588.466410246,3134.588401337288
CR-C03-005,DS04,cerro_rojo,CAMPAIGN_03,264.000000000,329.247075623,65.247075623,BRX,296.6235378115,242845.71081195303,8196588.466410246,3134.588401337288,242851.97735017727,8196593.837728724,3103.026166691573,242858.24388840154,8196599.209047202,3071.4639320458587
CR-C03-006,DS04,cerro_rojo,CAMPAIGN_03,0.000000000,9.000000000,9.000000000,REG,4.5,242935.0,8196665.0,3398.0,242934.15854387978,8196664.278751897,3393.6386065562065,242933.31708775953,8196663.557503794,3389.277213112413
CR-C03-006,DS04,cerro_rojo,CAMPAIGN_03,9.000000000,75.000000000,66.000000000,DIO,42.0,242933.31708775953,8196663.557503794,3389.277213112413,242927.1464095445,8196658.268351038,3357.293661191261,242920.9757313295,8196652.979198283,3325.310109270109
CR-C03-006,DS04,cerro_rojo,CAMPAIGN_03,75.000000000,271.000000000,196.000000000,POR,173.0,242920.9757313295,8196652.979198283,3325.310109270109,242902.65068693337,8196637.272017372,3230.3286520497177,242884.32564253724,8196621.564836461,3135.347194829327
CR-C03-006,DS04,cerro_rojo,CAMPAIGN_03,271.000000000,336.993835551,65.993835551,BRX,303.99691777550004,242884.32564253724,8196621.564836461,3135.347194829327,242878.15554066811,8196616.276177716,3103.366630195669,242871.98543879902,8196610.987518972,3071.386065562012
